{
    "loss": 0.3952071964740753,
    "accuracy": 0.9803921580314636
}