{
    "loss": 0.3374854326248169,
    "accuracy": 0.9607843160629272
}