{
    "loss": 14.554292678833008,
    "accuracy": 0.5686274766921997
}